INSERT INTO public.address (id, city, state, street, zip) VALUES (1, 'New York', 'NY', 'Wall Street', '10005');
INSERT INTO public.address (id, city, state, street, zip) VALUES (2, 'Los Angeles', 'CA', 'Sunset Blvd', '90026');
INSERT INTO public.address (id, city, state, street, zip) VALUES (3, 'Chicago', 'IL', 'Wacker Dr', '60606');
INSERT INTO public.address (id, city, state, street, zip) VALUES (4, 'Houston', 'TX', 'Westheimer Rd', '77042');
INSERT INTO public.address (id, city, state, street, zip) VALUES (5, 'Phoenix', 'AZ', 'Camelback Rd', '85016');
INSERT INTO public.address (id, city, state, street, zip) VALUES (6, 'Philadelphia', 'PA', 'Market Street', '19103');
INSERT INTO public.address (id, city, state, street, zip) VALUES (7, 'San Antonio', 'TX', 'Broadway St', '78209');
INSERT INTO public.address (id, city, state, street, zip) VALUES (8, 'San Diego', 'CA', 'Fifth Ave', '92101');
INSERT INTO public.address (id, city, state, street, zip) VALUES (9, 'Dallas', 'TX', 'Main St', '75202');
INSERT INTO public.address (id, city, state, street, zip) VALUES (10, 'San Jose', 'CA', 'Santa Clara St', '95113');

INSERT INTO public.users (id, password, role, seller_status, username, address_id) VALUES (2, '$2a$10$nVyFbVCp/AVWwSslTmthQeZ5u2luw062h4/GjV1ofXKJ4dlzfbPre', 1, 0, 'john', 2);
INSERT INTO public.users (id, password, role, seller_status, username, address_id) VALUES (3, '$2a$10$E1BjhYUeiPeiEEOpPd2auuEF4MJFKPwzUTDcTnc6Q4RnUINJQ/Au.', 1, 0, 'emma', 3);
INSERT INTO public.users (id, password, role, seller_status, username, address_id) VALUES (4, '$2a$10$vH5we6jClHbrqPuLC6fsAeK24dvbcWo9FheQeayvQc/HicS14wrtK', 1, 0, 'liam', 4);
INSERT INTO public.users (id, password, role, seller_status, username, address_id) VALUES (5, '$2a$10$zZwFTBtMnWtK66mZfCzF6.hPur2bJA/dz4aUqTZmGmDUZqLwgX6Zi', 2, 2, 'noah', 5);
INSERT INTO public.users (id, password, role, seller_status, username, address_id) VALUES (7, '$2a$10$7TZNxhQ9sx3J3ILTjLvcOegXy3yEujAcDz69HC5o1b6hOkWYSLpF.', 2, 2, 'william', 7);
INSERT INTO public.users (id, password, role, seller_status, username, address_id) VALUES (8, '$2a$10$yPm114wQq63PZAGuGBMCBe9NFbRpI1LkIMzX1f0pVpbeonc0wZ.AS', 2, 1, 'sophia', 8);
INSERT INTO public.users (id, password, role, seller_status, username, address_id) VALUES (9, '$2a$10$4dgaSEdD8a2AH6eYmflC4.ZGoCix57M9bSBbq1csYsscJpKUJTscq', 2, 2, 'james', 9);
INSERT INTO public.users (id, password, role, seller_status, username, address_id) VALUES (10, '$2a$10$CHvcV/DzcT.faG21dkL1UeZ4gssyc/na.lPIPiULdprJzHtm7Q7Re', 2, 1, 'ava', 10);
INSERT INTO public.users (id, password, role, seller_status, username, address_id) VALUES (1, '$2a$10$APp3isXjZ6MVMDAyyPd1geQqbaXjTdCuyQ3fKzGT.ol9384iBNVfS', 0, 0, 'alice', 1);
INSERT INTO public.users (id, password, role, seller_status, username, address_id) VALUES (6, '$2a$10$kKfua3mvlV8lyxuhgyiZ/ebIgNEQIjBfYffq9TmEg556yMvHVGYj2', 2, 1, 'olivia', 6);

INSERT INTO public.category (id, name) VALUES (1, 'Electronics');
INSERT INTO public.category (id, name) VALUES (2, 'Clothing');
INSERT INTO public.category (id, name) VALUES (3, 'Home Appliances');
INSERT INTO public.category (id, name) VALUES (4, 'Books');
INSERT INTO public.category (id, name) VALUES (5, 'Sports Equipment');
INSERT INTO public.category (id, name) VALUES (6, 'Toys');
INSERT INTO public.category (id, name) VALUES (7, 'Groceries');
INSERT INTO public.category (id, name) VALUES (8, 'Beauty Products');
INSERT INTO public.category (id, name) VALUES (9, 'Automotive');

INSERT INTO public.product (id, description, name, over_all_rating, price, quantity, rating_sum, total_user, category_id, seller_id) VALUES (9, 'Synthetic motor oil for high-performance engines', 'Car Oil', 3.5, 22.9, 4988, 10.5, 3, 9, 9);
INSERT INTO public.product (id, description, name, over_all_rating, price, quantity, rating_sum, total_user, category_id, seller_id) VALUES (7, 'Pure and natural honey', 'Organic Honey', 3, 15.99, 21, 9, 3, 7, 9);
INSERT INTO public.product (id, description, name, over_all_rating, price, quantity, rating_sum, total_user, category_id, seller_id) VALUES (8, 'Anti-aging facial cream', 'Facial Cream', 3.5, 45.59, 1988, 10.5, 3, 8, 9);
INSERT INTO public.product (id, description, name, over_all_rating, price, quantity, rating_sum, total_user, category_id, seller_id) VALUES (3, 'Compact microwave oven with grill function', 'Microwave', 3.625, 150, 83, 14.5, 4, 3, 5);
INSERT INTO public.product (id, description, name, over_all_rating, price, quantity, rating_sum, total_user, category_id, seller_id) VALUES (2, 'Waterproof winter jacket', 'Jacket', 2.8333333, 99.99, 1982, 17, 6, 2, 5);
INSERT INTO public.product (id, description, name, over_all_rating, price, quantity, rating_sum, total_user, category_id, seller_id) VALUES (1, 'High-performance laptop suitable for gaming and professional work', 'Laptop', 3.857143, 1200, 139, 27, 7, 1, 5);
INSERT INTO public.product (id, description, name, over_all_rating, price, quantity, rating_sum, total_user, category_id, seller_id) VALUES (6, 'Family board game for all ages', 'Board Game', 2, 34.95, 384, 6, 3, 6, 7);
INSERT INTO public.product (id, description, name, over_all_rating, price, quantity, rating_sum, total_user, category_id, seller_id) VALUES (5, 'Lightweight racket for advanced players', 'Tennis Racket', 3.8333333, 210.99, 36, 11.5, 3, 5, 7);
INSERT INTO public.product (id, description, name, over_all_rating, price, quantity, rating_sum, total_user, category_id, seller_id) VALUES (4, 'Latest bestseller in fiction', 'Novel', 4.5, 19.95, 270, 13.5, 3, 4, 7);

INSERT INTO public.review (id, content, rating, product_id) VALUES (1, 'Excellent laptop with great performance', 5, 1);
INSERT INTO public.review (id, content, rating, product_id) VALUES (2, 'Good for gaming but a bit heavy', 4.5, 1);
INSERT INTO public.review (id, content, rating, product_id) VALUES (3, 'Battery life could be better', 3.5, 1);
INSERT INTO public.review (id, content, rating, product_id) VALUES (4, 'Perfect for professional use.', 5, 1);
INSERT INTO public.review (id, content, rating, product_id) VALUES (5, 'Too expensive for the specs offered', 1.5, 1);
INSERT INTO public.review (id, content, rating, product_id) VALUES (6, 'Amazing screen resolution and speed', 5, 1);
INSERT INTO public.review (id, content, rating, product_id) VALUES (7, 'Heats up quite a bit under load', 2.5, 1);
INSERT INTO public.review (id, content, rating, product_id) VALUES (8, 'Great fit and kept me warm in winter.', 5, 2);
INSERT INTO public.review (id, content, rating, product_id) VALUES (9, 'Zippers feel cheap', 1.5, 2);
INSERT INTO public.review (id, content, rating, product_id) VALUES (10, 'Stylish and functional, but a bit stiff initially.', 3.5, 2);
INSERT INTO public.review (id, content, rating, product_id) VALUES (11, 'Sleeves are a bit too long', 0.5, 2);
INSERT INTO public.review (id, content, rating, product_id) VALUES (12, 'Not as durable as expected.', 1.5, 2);
INSERT INTO public.review (id, content, rating, product_id) VALUES (13, 'High quality material', 5, 2);
INSERT INTO public.review (id, content, rating, product_id) VALUES (14, 'Heats evenly and quickly, very satisfied.', 5, 3);
INSERT INTO public.review (id, content, rating, product_id) VALUES (15, 'Easy to clean and maintain.', 4, 3);
INSERT INTO public.review (id, content, rating, product_id) VALUES (16, 'Controls are not very intuitive.', 1.5, 3);
INSERT INTO public.review (id, content, rating, product_id) VALUES (17, 'Captivating story, couldn''t put it down.', 5, 4);
INSERT INTO public.review (id, content, rating, product_id) VALUES (18, 'Loved the detailed world-building.', 5, 4);
INSERT INTO public.review (id, content, rating, product_id) VALUES (19, 'Great control and feel during games.', 5, 5);
INSERT INTO public.review (id, content, rating, product_id) VALUES (20, 'String tension was not as expected', 2.5, 5);
INSERT INTO public.review (id, content, rating, product_id) VALUES (21, 'Some pieces were missing in the box.', 0.5, 6);
INSERT INTO public.review (id, content, rating, product_id) VALUES (22, 'Packaging could be better, leaked during shipping.', 0, 7);
INSERT INTO public.review (id, content, rating, product_id) VALUES (23, 'Feels great on the skin, very hydrating.', 4.5, 8);
INSERT INTO public.review (id, content, rating, product_id) VALUES (24, 'Works well in different weather conditions', 3.5, 9);
INSERT INTO public.review (id, content, rating, product_id) VALUES (25, 'Improved engine performance noticeably.', 5, 9);
INSERT INTO public.review (id, content, rating, product_id) VALUES (26, 'Does not last as long as other brands', 2, 9);
INSERT INTO public.review (id, content, rating, product_id) VALUES (27, 'Caused a mild rash, might not suit sensitive skin.', 1.5, 8);
INSERT INTO public.review (id, content, rating, product_id) VALUES (28, 'Nice packaging and pleasant scent.', 4.5, 8);
INSERT INTO public.review (id, content, rating, product_id) VALUES (29, 'Would prefer larger size options.', 4.5, 7);
INSERT INTO public.review (id, content, rating, product_id) VALUES (30, 'Delicious and pure, tastes great', 4.5, 7);
INSERT INTO public.review (id, content, rating, product_id) VALUES (31, 'Educational and entertaining.', 5, 6);
INSERT INTO public.review (id, content, rating, product_id) VALUES (32, 'Instructions were complicated to follow', 0.5, 6);
INSERT INTO public.review (id, content, rating, product_id) VALUES (33, 'A bit pricey but worth the investment.', 4, 5);
INSERT INTO public.review (id, content, rating, product_id) VALUES (34, 'Well-written but predictable plot.', 3.5, 4);
INSERT INTO public.review (id, content, rating, product_id) VALUES (35, 'Easy to clean and maintain.', 4, 3);
